{"cameraMode":{"drawMode":0,"name":"Shaded","section":"Shading Mode"},"sceneLighting":true,"audioPlay":false,"sceneViewState":{"m_AlwaysRefresh":false,"showFog":true,"showSkybox":true,"showFlares":true,"showImageEffects":true,"showParticleSystems":true,"showVisualEffectGraphs":true,"m_FxEnabled":true},"in2DMode":false,"pivot":{"x":-409.32586669921877,"y":439.8910217285156,"z":350.6156005859375},"rotation":{"x":-0.0017590903444215656,"y":0.8468811511993408,"z":-0.0028029887471348049,"w":-0.5317771434783936},"size":315.1775207519531,"orthographic":false}